territorio_codigo;territorio_nome;populacao_2022;variacao_absoluta_pop_2010_2022;taxa_crescimento_geometrico_pct;pib_mil_reais_2022;pib_mil_reais_2021;pib_per_capita_2022;variacao_pib_nominal_2021_2022_pct;vab_total_mil_reais_2021;vab_agropecuaria_mil_reais_2021;participacao_agropecuaria_2021_pct;vab_industria_mil_reais_2021;participacao_industria_2021_pct;vab_servicos_mil_reais_2021;participacao_servicos_2021_pct;vab_adm_publica_mil_reais_2021;participacao_adm_publica_2021_pct;perfil_setorial_dominante;cempre_unidades_locais;cempre_empresas;cempre_pessoal_ocupado_total;cempre_pessoal_ocupado_assalariado;proporcao_assalariados_pct;unidades_locais_por_mil_hab;intensidade_ocupacao_formal_pct;cempre_salarios_mil_reais_2022;cempre_salario_medio_mensal_reais;salarios_por_assalariado_mil_reais
2300101;Abaiara;10038.0;-418.0;-0.34;126794;117971.0;12631.400677425781;7.478956692746523;112712.0;23663.0;20.99;3053.0;2.71;29093.0;25.81;56904.0;50.49;Adm_publica;125.0;122.0;1184.0;1080.0;91.21621621621621;12.452679816696554;11.795178322374975;25670.0;2283.58;23.76851851851852
2300150;Acarape;14027.0;366.0;0.22;183507;179994.0;13082.412490197476;1.951731724390813;168763.0;9312.0;5.52;34204.0;20.27;57169.0;33.88;68079.0;40.34;Adm_publica;239.0;232.0;1936.0;1708.0;88.22314049586777;17.038568475083768;13.801953375632708;38919.0;1794.11;22.786299765807964
2300200;Acaraú;65264.0;8074.0;1.11;1184672;1020201.0;18151.998038734982;16.12143097291612;953527.0;133170.0;13.97;264942.0;27.79;289733.0;30.39;265682.0;27.86;Servicos;1164.0;1116.0;6296.0;4961.0;78.79606099110546;17.835253738661436;9.646972297131649;164309.0;2273.63;33.12013706913929
2300309;Acopiara;44962.0;-6309.0;-1.09;604192;564520.0;13437.83639517815;7.027563239566358;526631.0;145254.0;27.58;19614.0;3.72;171031.0;32.48;190733.0;36.22;Adm_publica;939.0;904.0;3840.0;2937.0;76.484375;20.884302299719764;8.540545349406166;76738.0;2022.61;26.12802179094314
2300408;Aiuaba;14076.0;-2127.0;-1.17;146744;151596.0;10425.12077294686;-3.2006121533549696;146248.0;34133.0;23.34;3098.0;2.12;33933.0;23.2;75084.0;51.34;Adm_publica;221.0;218.0;1457.0;1259.0;86.41043239533288;15.70048309178744;10.350951974992896;24337.0;1455.29;19.330420969023034
2300507;Alcântaras;11369.0;492.0;0.37;105770;98202.0;9303.368809921716;7.706564021099367;94203.0;8402.0;8.92;4789.0;5.08;26247.0;27.86;54764.0;58.13;Adm_publica;192.0;191.0;977.0;802.0;82.08802456499488;16.888028850382618;8.593543847304073;20117.0;1799.64;25.08354114713217
2300606;Altaneira;6782.0;-74.0;-0.09;82201;74654.0;12120.465939250958;10.109304256972166;72082.0;9574.0;13.28;2561.0;3.55;19194.0;26.63;40753.0;56.54;Adm_publica;125.0;125.0;663.0;567.0;85.52036199095022;18.43114125626659;9.775877322323797;17607.0;1858.19;31.052910052910054
2300705;Alto Santo;14155.0;-1095.0;-0.62;240389;232268.0;16982.620981985165;3.4963920987824406;221396.0;72845.0;32.9;10252.0;4.63;56941.0;25.72;81358.0;36.75;Adm_publica;368.0;357.0;1890.0;1471.0;77.83068783068782;25.997880607559168;13.352172377251856;35695.0;1837.88;24.265805574439156
2300754;Amontada;42156.0;2984.0;0.61;684586;665472.0;16239.349084353355;2.872247066743604;626991.0;54293.0;8.66;226018.0;36.05;147238.0;23.48;199442.0;31.81;Industria;753.0;737.0;4193.0;3389.0;80.82518483186263;17.86222601764873;9.94638960053136;105421.0;2214.68;31.10681616996164
2300804;Antonina do Norte;7245.0;261.0;0.31;89238;78953.0;12317.184265010352;13.026737426063608;74388.0;5681.0;7.64;2950.0;3.97;25682.0;34.52;40074.0;53.87;Adm_publica;160.0;156.0;751.0;629.0;83.75499334221038;22.084195997239476;10.365769496204278;16917.0;2087.79;26.895071542130367
2300903;Apuiarés;12928.0;-733.0;-0.46;134458;120978.0;10400.52599009901;11.142521780819653;114370.0;11491.0;10.05;5448.0;4.76;35732.0;31.24;61699.0;53.95;Adm_publica;244.0;242.0;1216.0;987.0;81.16776315789474;18.87376237623762;9.405940594059405;27344.0;2084.28;27.704154002026343
2301000;Aquiraz;80645.0;7993.0;0.87;4429050;3854401.0;54920.32984065968;14.90890543044172;2851024.0;94738.0;3.32;974487.0;34.18;1347196.0;47.25;434603.0;15.24;Servicos;2427.0;2313.0;22598.0;19882.0;87.98123727763519;30.09486018972038;28.021576043152084;628398.0;2455.59;31.60637762800523
2301109;Aracati;75113.0;5936.0;0.69;1791174;1706227.0;23846.391436901733;4.978645865995556;1556593.0;130621.0;8.39;529562.0;34.02;598729.0;38.46;297681.0;19.12;Servicos;2249.0;2136.0;13078.0;10729.0;82.03853800275272;29.941554724215518;17.411100608416653;268988.0;1950.45;25.071115667816198
2301208;Aracoiaba;25553.0;215.0;0.07;285457;266422.0;11171.17363910304;7.144680244123984;250845.0;42995.0;17.14;10560.0;4.21;80019.0;31.9;117271.0;46.75;Adm_publica;464.0;451.0;3085.0;2669.0;86.51539708265801;18.158337572887724;12.072946425077289;57979.0;1777.94;21.723117272386663
2301257;Ararendá;11096.0;595.0;0.46;117634;106784.0;10601.478010093728;10.16069823194486;101963.0;13293.0;13.04;5563.0;5.46;27874.0;27.34;55233.0;54.17;Adm_publica;222.0;218.0;1229.0;1020.0;82.99430431244915;20.007209805335254;11.07606344628695;22720.0;1749.17;22.274509803921568
2301307;Araripe;19783.0;-896.0;-0.37;219194;207982.0;11079.917100540868;5.3908511313479055;200319.0;36361.0;18.15;8032.0;4.01;48531.0;24.23;107395.0;53.61;Adm_publica;330.0;322.0;1440.0;1147.0;79.65277777777777;16.680988727695496;7.278976899358034;42236.0;2546.5;36.82301656495205
2301406;Aratuba;11224.0;-792.0;-0.57;159277;151645.0;14190.75196008553;5.032806884499983;146149.0;51354.0;35.14;3980.0;2.72;32495.0;22.23;58320.0;39.9;Adm_publica;187.0;184.0;1119.0;966.0;86.32707774798928;16.66072701354241;9.969707769066288;27369.0;2025.72;28.332298136645964
2301505;Arneiroz;7429.0;-221.0;-0.24;81651;70224.0;10990.846681922198;16.272214627477783;67145.0;14423.0;21.48;1828.0;2.72;17066.0;25.42;33827.0;50.38;Adm_publica;133.0;131.0;684.0;563.0;82.30994152046783;17.902813299232736;9.207161125319693;12835.0;1762.52;22.79751332149201
2301604;Assaré;21697.0;-701.0;-0.26;273041;237259.0;12584.274323639213;15.081408924424364;224824.0;44520.0;19.8;7706.0;3.43;75910.0;33.76;96689.0;43.01;Adm_publica;388.0;375.0;1897.0;1550.0;81.70795993674223;17.88265658846845;8.743144213485737;38673.0;1993.0;24.95032258064516
2301703;Aurora;23714.0;-852.0;-0.29;250837;216792.0;10577.591296280678;15.703992767260786;204272.0;31833.0;15.58;6992.0;3.42;65680.0;32.15;99768.0;48.84;Adm_publica;401.0;377.0;1744.0;1345.0;77.12155963302753;16.909842287256474;7.354305473559923;37631.0;1995.15;27.978438661710037
2301802;Baixio;5704.0;-322.0;-0.46;69658;67541.0;12212.131837307154;3.13439244310863;65606.0;14267.0;21.75;2166.0;3.3;14465.0;22.05;34708.0;52.9;Adm_publica;115.0;113.0;717.0;619.0;86.33193863319386;20.161290322580644;12.570126227208977;13800.0;1849.93;22.294022617124394
2301851;Banabuiú;17195.0;-107.0;-0.05;296956;260031.0;17269.904041872636;14.200229972580193;245742.0;52282.0;21.28;40825.0;16.61;66669.0;27.13;85966.0;34.98;Adm_publica;304.0;299.0;1920.0;1653.0;86.09375;17.679558011049725;11.16603663855772;44800.0;2089.06;27.10223835450696
2301901;Barbalha;75033.0;19510.0;2.54;1599703;1345205.0;21319.99253661722;18.91890083667545;1217465.0;143307.0;11.77;199962.0;16.42;584349.0;48.0;289848.0;23.81;Servicos;1652.0;1597.0;13522.0;11654.0;86.18547552137258;22.016979195820504;18.021403915610463;322364.0;2140.7;27.661232194954522
2301950;Barreira;22392.0;1739.0;0.68;267357;240016.0;11939.844587352625;11.391323911739217;226647.0;35044.0;15.46;13548.0;5.98;71941.0;31.74;106114.0;46.82;Adm_publica;436.0;430.0;1663.0;1239.0;74.50390859891762;19.471239728474455;7.426759556984637;39194.0;2390.79;31.63357546408394
2302008;Barro;19381.0;-2139.0;-0.87;262523;242027.0;13545.379495382076;8.468476657563;228368.0;44071.0;19.3;11318.0;4.96;77545.0;33.96;95433.0;41.79;Adm_publica;356.0;337.0;1539.0;1218.0;79.14230019493176;18.36850523708787;7.940766730302874;35785.0;1929.2;29.380131362889983
2302057;Barroquinha;14567.0;91.0;0.05;150759;133335.0;10349.351273426237;13.06783665204185;127274.0;13203.0;10.37;4479.0;3.52;36510.0;28.69;73082.0;57.42;Adm_publica;262.0;252.0;1442.0;1202.0;83.35644937586684;17.98585844717512;9.899086977414704;30175.0;2142.05;25.103993344425955
2302107;Baturité;35218.0;1916.0;0.47;503468;448272.0;14295.75785109887;12.313059927900918;419933.0;36852.0;8.78;22651.0;5.39;208836.0;49.73;151595.0;36.1;Servicos;859.0;832.0;4243.0;3388.0;79.84916332783408;24.390936452950196;12.047816457493326;102963.0;2133.38;30.390495867768596
2302206;Beberibe;53114.0;4019.0;0.66;1208892;1059006.0;22760.32684414655;14.153460886907157;1014775.0;370244.0;36.49;168283.0;16.58;247368.0;24.38;228880.0;22.55;Agropecuaria;1103.0;1056.0;6060.0;4858.0;80.16501650165017;20.766652859886285;11.409421244869526;127185.0;2097.75;26.18052696582956
2302305;Bela Cruz;32775.0;2030.0;0.53;353476;322244.0;10784.927536231884;9.692034607316195;307352.0;65661.0;21.36;15483.0;5.04;85925.0;27.96;140282.0;45.64;Adm_publica;519.0;500.0;2335.0;1830.0;78.37259100642399;15.835240274599542;7.124332570556827;62469.0;2457.06;34.136065573770495
2302404;Boa Viagem;50411.0;-2010.0;-0.33;584404;539218.0;11592.787288488624;8.379913133463646;502461.0;61799.0;12.3;36881.0;7.34;189399.0;37.69;214382.0;42.67;Adm_publica;940.0;910.0;4334.0;3449.0;79.58006460544532;18.646723929301142;8.597329947828847;92603.0;2043.9;26.849231661351116
2302503;Brejo Santo;51090.0;5901.0;1.03;1009688;817034.0;19762.9281659816;23.579679670613462;747732.0;83140.0;11.12;117723.0;15.74;318299.0;42.57;228570.0;30.57;Servicos;1190.0;1134.0;10811.0;9369.0;86.66173341966515;23.29222939909963;21.160696809551773;228626.0;1953.49;24.402390863485966
2302602;Camocim;62326.0;2168.0;0.3;855906;839500.0;13732.727914514007;1.9542584871947588;788717.0;96180.0;12.19;154076.0;19.53;280667.0;35.59;257794.0;32.69;Servicos;1357.0;1306.0;7046.0;5699.0;80.8827703661652;21.772614960048777;11.30507332413439;153021.0;1685.49;26.85050008773469
2302701;Campos Sales;25135.0;-1343.0;-0.43;314915;292357.0;12528.943703998408;7.715908974301966;274766.0;38765.0;14.11;10162.0;3.7;110385.0;40.17;115455.0;42.02;Adm_publica;551.0;535.0;2474.0;1973.0;79.74939369442198;21.92162323453352;9.842848617465686;43760.0;1752.61;22.179422199695896
2302800;Canindé;74174.0;946.0;0.11;1021411;911356.0;13770.472133092459;12.075961534241285;846383.0;60721.0;7.17;72822.0;8.6;370446.0;43.77;342393.0;40.45;Servicos;1878.0;1797.0;10991.0;9122.0;82.99517787280503;25.31884487825923;14.817860705907732;259278.0;2320.99;28.42337206752905
2302909;Capistrano;17254.0;291.0;0.14;190140;176809.0;11020.053320969051;7.539774558987382;167117.0;26508.0;15.86;5289.0;3.16;51841.0;31.02;83480.0;49.95;Adm_publica;265.0;262.0;1216.0;978.0;80.42763157894737;15.35875738959082;7.047641126695259;33564.0;2213.67;34.31901840490798
2303006;Caridade;16377.0;-3579.0;-1.63;187437;186169.0;11445.136471881297;0.6811015797474338;172609.0;20721.0;12.0;7324.0;4.24;55813.0;32.34;88751.0;51.42;Adm_publica;305.0;295.0;1665.0;1362.0;81.8018018018018;18.62367955058924;10.166697197288881;36205.0;2199.04;26.58223201174743
2303105;Cariré;17632.0;-355.0;-0.17;208196;193105.0;11807.84936479129;7.814919344398126;184816.0;54357.0;29.41;8167.0;4.42;42335.0;22.91;79957.0;43.26;Adm_publica;303.0;300.0;1568.0;1246.0;79.46428571428571;17.184664246823957;8.892921960072595;32427.0;1576.68;26.024879614767254
2303204;Caririaçu;26320.0;84.0;0.03;271670;253127.0;10321.808510638299;7.3255717485689;242479.0;46161.0;19.04;8182.0;3.37;65384.0;26.97;122751.0;50.62;Adm_publica;319.0;317.0;2080.0;1789.0;86.00961538461539;12.120060790273557;7.90273556231003;48548.0;2082.83;27.136948015651203
2303303;Cariús;17015.0;-1305.0;-0.61;193985;180984.0;11400.822803408757;7.183507934403041;173220.0;51365.0;29.65;5192.0;3.0;41909.0;24.19;74755.0;43.16;Adm_publica;328.0;317.0;1188.0;906.0;76.26262626262627;19.27710843373494;6.982074640023509;24102.0;2098.06;26.602649006622517
2303402;Carnaubal;17210.0;673.0;0.33;185440;166772.0;10775.130737943056;11.19372556544264;158216.0;17685.0;11.18;6906.0;4.37;48573.0;30.7;85051.0;53.76;Adm_publica;276.0;270.0;1591.0;1342.0;84.34946574481458;16.037187681580477;9.244625217896573;34455.0;1952.95;25.674366616989566
2303501;Cascavel;72720.0;6823.0;0.82;1182740;1074377.0;16264.301430143014;10.086124330658604;983022.0;127386.0;12.96;128475.0;13.07;411528.0;41.86;315633.0;32.11;Servicos;1726.0;1639.0;11677.0;9897.0;84.75635865376381;23.734873487348736;16.057480748074806;237325.0;1934.71;23.979488733959787
2303600;Catarina;10243.0;-8462.0;-4.89;132473;154108.0;12933.02743336913;-14.038855867313831;148458.0;24702.0;16.64;3744.0;2.52;35333.0;23.8;84679.0;57.04;Adm_publica;189.0;184.0;1010.0;842.0;83.36633663366337;18.4516255003417;9.860392463145564;27630.0;2128.25;32.81472684085511
2303659;Catunda;10444.0;616.0;0.51;117230;112081.0;11224.626579854463;4.593998982878454;107923.0;16349.0;15.15;3338.0;3.09;29683.0;27.5;58554.0;54.25;Adm_publica;232.0;223.0;1002.0;804.0;80.23952095808383;22.213711221754117;9.59402527767139;28517.0;2640.8;35.46890547263681
2303709;Caucaia;355679.0;36042.0;0.89;9891544;10422701.0;27810.312107265258;-5.096155017782818;8423170.0;64801.0;0.77;3696044.0;43.88;3305418.0;39.24;1356908.0;16.11;Industria;8108.0;7678.0;53554.0;45512.0;84.9833812600366;22.79583557083775;15.05683495511402;1421985.0;2395.77;31.24417735981719
2303808;Cedro;22344.0;-2448.0;-0.86;260564;247325.0;11661.475116362335;5.3528757707469925;232640.0;40875.0;17.57;8038.0;3.45;79138.0;34.02;104589.0;44.96;Adm_publica;445.0;428.0;1863.0;1431.0;76.81159420289855;19.915861081274617;8.33780880773362;40772.0;2210.09;28.49196366177498
2303907;Chaval;12462.0;-153.0;-0.1;125251;110318.0;10050.6339271385;13.536322268351492;104834.0;5685.0;5.42;4771.0;4.55;34129.0;32.56;60249.0;57.47;Adm_publica;199.0;194.0;1757.0;1588.0;90.38133181559476;15.968544374899697;14.09886053602953;26622.0;1286.29;16.76448362720403
2303931;Choró;12113.0;-740.0;-0.49;192951;178989.0;15929.249566581359;7.800479359066759;167029.0;13500.0;8.08;7985.0;4.78;84820.0;50.78;60724.0;36.36;Servicos;189.0;187.0;650.0;481.0;74.0;15.603071080657145;5.366135556839759;22031.0;2341.26;45.802494802494806
2303956;Chorozinho;20163.0;410.0;0.17;255377;260273.0;12665.625154986858;-1.8811017662223897;208605.0;18176.0;8.71;23333.0;11.19;78132.0;37.45;88964.0;42.65;Adm_publica;401.0;399.0;2333.0;1911.0;81.91170167166739;19.887913504934783;11.570698804741358;47378.0;1891.06;24.792255363683935
2304004;Coreaú;20953.0;-785.0;-0.31;236193;225090.0;11272.514675702763;4.932693589230974;212106.0;25966.0;12.24;9537.0;4.5;70140.0;33.07;106463.0;50.19;Adm_publica;337.0;325.0;1569.0;1242.0;79.1586998087954;16.083615711353982;7.48818784899537;35714.0;1910.68;28.755233494363928
2304103;Crateús;76390.0;3573.0;0.4;1088879;952649.0;14254.208666055767;14.300125229754086;888306.0;92298.0;10.39;50095.0;5.64;438111.0;49.32;307802.0;34.65;Servicos;1995.0;1895.0;8749.0;6640.0;75.89438793004915;26.115983767508837;11.453069773530567;198790.0;2097.21;29.938253012048193
2304202;Crato;131050.0;9790.0;0.65;2178406;1871587.0;16622.708889736743;16.393520579059377;1679618.0;66634.0;3.97;190332.0;11.33;913224.0;54.37;509428.0;30.33;Servicos;3552.0;3372.0;21989.0;18149.0;82.536722906908;27.104158718046545;16.779091949637543;546004.0;2354.18;30.084522563226624
2304236;Croatá;17481.0;415.0;0.2;233557;224437.0;13360.620101824838;4.063501116126129;216414.0;75084.0;34.69;5636.0;2.6;53249.0;24.61;82445.0;38.1;Adm_publica;280.0;269.0;1080.0;823.0;76.20370370370371;16.017390309478863;6.178136262227561;29722.0;2254.56;36.1142162818955
2304251;Cruz;29761.0;6778.0;2.18;470272;372681.0;15801.619569234905;26.186202140704783;339755.0;26657.0;7.85;17685.0;5.21;166099.0;48.89;129314.0;38.06;Servicos;952.0;915.0;3590.0;2560.0;71.3091922005571;31.98817244044219;12.062766708107926;78210.0;1951.52;30.55078125
2304269;Deputado Irapuan Pinheiro;8932.0;-165.0;-0.15;111392;100883.0;12471.115091804748;10.417017733413955;96852.0;23492.0;24.26;2228.0;2.3;26363.0;27.22;44770.0;46.23;Adm_publica;177.0;172.0;810.0;651.0;80.37037037037037;19.81639050604568;9.068517689207345;18622.0;2055.06;28.605222734254994
2304277;Ereré;6474.0;-328.0;-0.41;93228;80690.0;14400.370713623726;15.538480604783741;77991.0;20726.0;26.57;2512.0;3.22;17845.0;22.88;36908.0;47.32;Adm_publica;101.0;100.0;715.0;627.0;87.6923076923077;15.600864998455359;11.04417670682731;16549.0;2050.18;26.393939393939394
2304285;Eusébio;74170.0;28137.0;4.06;4557316;3577497.0;61444.19576648241;27.388394735201732;2827293.0;24767.0;0.88;928477.0;32.84;1503329.0;53.17;370720.0;13.11;Servicos;6112.0;5983.0;51973.0;43459.0;83.61841725511323;82.40528515572333;70.072805716597;1444263.0;2682.26;33.2327711176051
2304301;Farias Brito;18217.0;-1400.0;-0.62;225755;202248.0;12392.545424603393;11.6228590641193;193236.0;46355.0;23.99;6239.0;3.23;49617.0;25.68;91025.0;47.11;Adm_publica;334.0;326.0;1505.0;1197.0;79.53488372093022;18.33452269857825;8.261513970467146;38562.0;2272.55;32.21553884711779
2304350;Forquilha;24173.0;2559.0;0.94;310510;304957.0;12845.323294584867;1.8209124565102621;279488.0;26869.0;9.61;52447.0;18.77;96570.0;34.55;103602.0;37.07;Adm_publica;506.0;500.0;2763.0;2266.0;82.01230546507419;20.93244529019981;11.430107971703968;60515.0;1822.06;26.705648720211826
2304400;Fortaleza;2428708.0;-31004.0;-0.11;81362333;73437739.0;33500.253221054154;10.790901391994108;60626428.0;107143.0;0.18;8474214.0;13.98;41839224.0;69.01;10205847.0;16.83;Servicos;122522.0;112708.0;951646.0;802592.0;84.33724305046204;50.44739836983285;39.1832200495078;34250818.0;3398.34;42.67525467485348
2304459;Fortim;17294.0;2503.0;1.31;331346;312460.0;19159.592922400832;6.044293669589707;292525.0;26665.0;9.12;108281.0;37.02;84875.0;29.01;72704.0;24.85;Industria;520.0;512.0;2470.0;1824.0;73.84615384615385;30.068231756678617;14.282410084422342;54242.0;1967.74;29.73793859649123
2304509;Frecheirinha;15657.0;2430.0;1.42;356851;275921.0;22791.786421408953;29.33085919520442;246365.0;11323.0;4.6;87796.0;35.64;75995.0;30.85;71252.0;28.92;Industria;288.0;273.0;4369.0;4125.0;94.4151979858091;18.39432841540525;27.90445168295331;82859.0;1649.55;20.087030303030303
2304608;General Sampaio;6734.0;-46.0;-0.06;89926;86963.0;13354.024354024354;3.40719616388579;79990.0;8641.0;10.8;2373.0;2.97;26864.0;33.58;42113.0;52.65;Adm_publica;151.0;150.0;756.0;594.0;78.57142857142857;22.423522423522424;11.226611226611228;17322.0;2053.76;29.161616161616163
2304657;Graça;13801.0;-241.0;-0.14;136808;129711.0;9912.904861966525;5.471394099189737;124796.0;13642.0;10.93;4534.0;3.63;32559.0;26.09;74061.0;59.35;Adm_publica;192.0;186.0;1005.0;837.0;83.28358208955224;13.91203535975654;7.282081008622564;29058.0;2661.39;34.7168458781362
2304707;Granja;53344.0;1627.0;0.26;514903;469407.0;9652.50074985003;9.692228705579593;445611.0;64860.0;14.56;19260.0;4.32;140722.0;31.58;220770.0;49.54;Adm_publica;653.0;624.0;3981.0;3423.0;85.98342125094197;12.24130173965207;7.462882423515296;96062.0;2025.1;28.06368682442302
2304806;Granjeiro;4841.0;-184.0;-0.31;55419;51337.0;11447.841355091923;7.951380096226893;49685.0;10225.0;20.58;1717.0;3.46;10300.0;20.73;27444.0;55.24;Adm_publica;80.0;79.0;556.0;499.0;89.74820143884892;16.525511258004546;11.485230324313159;11701.0;1702.83;23.448897795591183
2304905;Groaíras;10910.0;763.0;0.61;123687;110755.0;11337.030247479377;11.676222292447294;103322.0;10043.0;9.72;5890.0;5.7;33769.0;32.68;53620.0;51.9;Adm_publica;313.0;310.0;1247.0;956.0;76.66399358460305;28.689275893675525;11.429880843263062;25133.0;1824.91;26.289748953974897
2304954;Guaiúba;24325.0;821.0;0.29;272368;231993.0;11197.040082219939;17.40354234826051;220362.0;23415.0;10.63;15170.0;6.88;65325.0;29.64;116452.0;52.85;Adm_publica;369.0;364.0;2378.0;1944.0;81.74936921783012;15.169578622816033;9.775950668037;48983.0;1944.78;25.19701646090535
2305001;Guaraciaba do Norte;42053.0;3505.0;0.73;728027;669209.0;17312.1299312772;8.789182452716565;632140.0;252867.0;40.0;19745.0;3.12;181927.0;28.78;177601.0;28.1;Agropecuaria;926.0;894.0;3899.0;2985.0;76.55809181841498;22.019832116614747;9.271633414976339;80255.0;2159.72;26.88609715242881
2305100;Guaramiranga;5654.0;10.0;0.01;94083;80396.0;16640.077821011673;17.02447882979253;76568.0;9979.0;13.03;3213.0;4.2;32717.0;42.73;30660.0;40.04;Servicos;249.0;242.0;1208.0;952.0;78.80794701986756;44.03961796957906;21.365405022992572;21126.0;1736.05;22.191176470588236
2305209;Hidrolândia;17855.0;-1041.0;-0.47;204119;185025.0;11432.035844301316;10.319686528847454;176984.0;32788.0;18.53;8759.0;4.95;53115.0;30.01;82322.0;46.51;Adm_publica;338.0;336.0;1560.0;1246.0;79.87179487179488;18.93027163259591;8.737048445813498;31182.0;1921.85;25.025682182985555
2305233;Horizonte;74755.0;19568.0;2.56;2501483;2116782.0;33462.417229616745;18.17386013297543;1764781.0;103735.0;5.88;740785.0;41.98;609647.0;34.55;310614.0;17.6;Industria;1653.0;1508.0;22530.0;20922.0;92.86284953395473;22.112233295431743;30.138452277439637;497819.0;1875.79;23.794044546410476
2305266;Ibaretama;11956.0;-983.0;-0.66;144293;132265.0;12068.668450986952;9.093864590027597;126040.0;21880.0;17.36;4728.0;3.75;33518.0;26.59;65914.0;52.3;Adm_publica;210.0;208.0;1078.0;915.0;84.87940630797773;17.564402810304447;9.01639344262295;24966.0;2229.77;27.285245901639342
2305308;Ibiapina;23965.0;239.0;0.08;380747;348540.0;15887.627790527853;9.240546278762839;329903.0;94854.0;28.75;36953.0;11.2;83134.0;25.2;114962.0;34.85;Adm_publica;430.0;414.0;1983.0;1566.0;78.9712556732224;17.9428332985604;8.274567076987273;44243.0;2207.16;28.252234993614305
2305332;Ibicuitinga;11611.0;276.0;0.2;125308;124951.0;10792.179829472052;0.28571199910364864;119407.0;19062.0;15.96;4144.0;3.47;32427.0;27.16;63774.0;53.41;Adm_publica;188.0;185.0;1153.0;991.0;85.94969644405897;16.19154250279907;9.93023856687624;23934.0;1990.84;24.151362260343088
2305357;Icapuí;21433.0;3041.0;1.28;400632;411021.0;18692.296925302104;-2.527608078419351;380054.0;52514.0;13.82;118421.0;31.16;103076.0;27.12;106043.0;27.9;Industria;670.0;658.0;4464.0;3792.0;84.94623655913979;31.260206224047028;20.82769560957402;99269.0;2227.64;26.178533755274263
2305407;Icó;62642.0;-2715.0;-0.35;796420;737489.0;12713.834168768557;7.990763252062065;688844.0;110148.0;15.99;42021.0;6.1;261107.0;37.91;275568.0;40.0;Adm_publica;1191.0;1147.0;6520.0;5275.0;80.90490797546013;19.012802911784423;10.408352223747645;120751.0;1893.53;22.891184834123223
2305506;Iguatu;98064.0;2821.0;0.24;2054539;1904815.0;20951.001386849406;7.860290894391318;1695044.0;225091.0;13.28;147308.0;8.69;884619.0;52.19;438026.0;25.84;Servicos;3526.0;3346.0;18052.0;14299.0;79.21005982716596;35.956110295317345;18.408386359928212;358299.0;1927.93;25.05762640744108
2305605;Independência;24024.0;-1549.0;-0.52;347468;306809.0;14463.369963369963;13.252218807140597;295055.0;113623.0;38.51;12412.0;4.21;69067.0;23.41;99953.0;33.88;Agropecuaria;552.0;536.0;1877.0;1340.0;71.39051678209908;22.977022977022976;7.8130203130203135;37853.0;2157.38;28.248507462686568
2305654;Ipaporanga;11575.0;228.0;0.17;116772;114127.0;10088.29373650108;2.3175935580537472;109466.0;26432.0;24.15;3157.0;2.88;27825.0;25.42;52051.0;47.55;Adm_publica;163.0;160.0;877.0;732.0;83.46636259977195;14.082073434125268;7.5766738660907125;22386.0;1532.72;30.581967213114755
2305704;Ipaumirim;12083.0;74.0;0.05;167158;143451.0;13834.147148886866;16.526200584171598;133456.0;24282.0;18.2;7523.0;5.64;46333.0;34.72;55318.0;41.45;Adm_publica;274.0;254.0;1243.0;1008.0;81.09412711182623;22.67648762724489;10.28718033600927;24275.0;1858.98;24.08234126984127
2305803;Ipu;41081.0;789.0;0.16;575072;519845.0;13998.490786494973;10.623743615885504;487659.0;113185.0;23.21;19294.0;3.96;179310.0;36.77;175870.0;36.06;Servicos;928.0;899.0;4453.0;3542.0;79.54188187738603;22.589518268786055;10.839560867554345;89278.0;1889.52;25.205533596837945
2305902;Ipueiras;36798.0;-1078.0;-0.24;385582;328115.0;10478.341214196424;17.514286149673133;311463.0;34647.0;11.12;7743.0;2.49;102283.0;32.84;166790.0;53.55;Adm_publica;629.0;623.0;2417.0;1808.0;74.80347538270583;17.09332028914615;6.568291754986684;67330.0;2137.2;37.24004424778761
2306009;Iracema;14001.0;241.0;0.14;211262;195282.0;15089.065066780944;8.183037863192716;185665.0;45057.0;24.27;7351.0;3.96;56868.0;30.63;76388.0;41.14;Adm_publica;406.0;389.0;1303.0;944.0;72.44819646968534;28.99792871937719;9.306478108706521;32278.0;2695.7;34.192796610169495
2306108;Irauçuba;23915.0;1591.0;0.58;251621;220294.0;10521.47187957349;14.220541639808621;206605.0;21074.0;10.2;14546.0;7.04;65103.0;31.51;105882.0;51.25;Adm_publica;407.0;400.0;2177.0;1837.0;84.38217730822232;17.01860756847167;9.10307338490487;53110.0;2058.87;28.911268372346218
2306207;Itaiçaba;7536.0;220.0;0.25;89380;82855.0;11860.403397027601;7.875203669060407;77639.0;9883.0;12.73;3875.0;4.99;23458.0;30.21;40423.0;52.07;Adm_publica;168.0;164.0;911.0;771.0;84.63227222832053;22.292993630573246;12.088641188959661;17024.0;1785.31;22.08041504539559
2306256;Itaitinga;64650.0;30548.0;5.47;1588814;1258826.0;24575.622583139986;26.213948552063588;1003203.0;7208.0;0.72;183795.0;18.32;620820.0;61.88;191380.0;19.08;Servicos;1379.0;1332.0;11353.0;9875.0;86.98141460406941;21.330239752513535;17.560711523588555;328994.0;2649.97;33.31584810126582
2306306;Itapajé;46426.0;-1644.0;-0.29;702418;594581.0;15129.84103734976;18.136637396755027;553560.0;62630.0;11.31;82239.0;14.86;199604.0;36.06;209087.0;37.77;Adm_publica;910.0;883.0;6043.0;5150.0;85.22257157041204;19.601085598587;13.016413216732003;137368.0;1856.63;26.673398058252427
2306405;Itapipoca;131123.0;15047.0;1.02;2129866;1784007.0;16243.267771481738;19.386639177985288;1611988.0;99881.0;6.2;262471.0;16.28;724250.0;44.93;525386.0;32.59;Servicos;2314.0;2206.0;17887.0;15391.0;86.04573153687035;17.647552298223804;13.641390145130908;438445.0;2085.93;28.487102852316287
2306504;Itapiúna;17841.0;-891.0;-0.41;182347;170314.0;10220.67148702427;7.065185480935214;162481.0;19789.0;12.18;5360.0;3.3;44797.0;27.57;92535.0;56.95;Adm_publica;254.0;249.0;1341.0;1120.0;83.51976137211037;14.23687013059806;7.5163948209181095;30132.0;2191.67;26.90357142857143
2306553;Itarema;42957.0;5504.0;1.15;722769;766786.0;16825.40680215099;-5.740454311894061;723926.0;77678.0;10.73;305283.0;42.17;157933.0;21.82;183032.0;25.28;Industria;924.0;890.0;3941.0;2981.0;75.64070032986552;21.509881974998255;9.174290569639407;102891.0;2613.04;34.51559879235156
2306603;Itatira;20424.0;908.0;0.38;190135;174029.0;9309.390912651783;9.25477937585115;166170.0;19478.0;11.72;4314.0;2.6;45940.0;27.65;96437.0;58.04;Adm_publica;450.0;437.0;1311.0;903.0;68.8787185354691;22.032902467685076;6.418918918918918;40226.0;1683.0;44.547065337763016
2306702;Jaguaretama;17232.0;-702.0;-0.33;257163;226644.0;14923.57242339833;13.465611267009054;215323.0;70782.0;32.87;10078.0;4.68;56205.0;26.1;78258.0;36.34;Adm_publica;388.0;382.0;1522.0;1171.0;76.93823915900131;22.516248839368615;8.832404828226554;31224.0;2094.96;26.664389410760034
2306801;Jaguaribara;10356.0;3.0;0.0;165067;154002.0;15939.262263422172;7.184971623745145;145244.0;31063.0;21.39;6416.0;4.42;45304.0;31.19;62461.0;43.0;Adm_publica;262.0;255.0;1169.0;924.0;79.04191616766467;25.29934337582078;11.288142139822325;29882.0;2171.54;32.33982683982684
2306900;Jaguaribe;33726.0;-683.0;-0.17;637711;561175.0;18908.58684694301;13.638526306410656;512384.0;89542.0;17.48;52360.0;10.22;215448.0;42.05;155035.0;30.26;Servicos;1071.0;1023.0;4110.0;3010.0;73.2360097323601;31.755915317559154;12.18644369329301;117750.0;2473.71;39.119601328903656
2307007;Jaguaruana;31701.0;-158.0;-0.04;598757;566961.0;18887.637613955394;5.608145886577737;500437.0;86794.0;17.34;120924.0;24.16;141165.0;28.21;151554.0;30.28;Adm_publica;963.0;928.0;4959.0;3945.0;79.55232909860858;30.377590612283527;15.643039651746001;89014.0;1767.73;22.563751584283903
2307106;Jardim;27411.0;837.0;0.26;310208;294154.0;11316.916566341979;5.457685430080842;281657.0;67180.0;23.85;10125.0;3.59;75399.0;26.77;128953.0;45.78;Adm_publica;544.0;535.0;2251.0;1710.0;75.96623722789872;19.846047207325526;8.212031666119442;51069.0;2369.3;29.864912280701756
2307205;Jati;7861.0;92.0;0.1;140334;129729.0;17851.927235720646;8.174733482875842;115274.0;16466.0;14.28;3242.0;2.81;56137.0;48.7;39429.0;34.2;Servicos;129.0;128.0;816.0;719.0;88.11274509803921;16.410125938175806;10.380358732985625;17707.0;1958.13;24.627260083449237
2307254;Jijoca de Jericoacoara;25555.0;8597.0;3.48;696532;551638.0;27256.192525924478;26.26613830084222;504031.0;9075.0;1.8;26430.0;5.24;347801.0;69.0;120726.0;23.95;Servicos;1377.0;1287.0;6923.0;5432.0;78.46309403437816;53.883780082175704;27.090588925846216;126415.0;1795.17;23.272275405007363
2307304;Juazeiro do Norte;286120.0;36025.0;1.13;5783730;5114786.0;20214.350622116595;13.078631246742287;4492875.0;31925.0;0.71;423899.0;9.43;2988180.0;66.51;1048872.0;23.35;Servicos;10042.0;9419.0;62913.0;51668.0;82.12611066075374;35.09716202991751;21.988326576261706;1472252.0;2196.61;28.494464658976543
2307403;Jucás;23922.0;115.0;0.04;347057;319373.0;14507.85887467603;8.668234321623931;297962.0;54654.0;18.34;31507.0;10.57;97526.0;32.73;114276.0;38.35;Adm_publica;446.0;433.0;2001.0;1580.0;78.96051974012993;18.643926093136024;8.36468522698771;55615.0;2414.96;35.199367088607595
2307502;Lavras da Mangabeira;30802.0;-230.0;-0.06;390628;343304.0;12681.903772482307;13.784867056602895;328423.0;89546.0;27.27;13624.0;4.15;95604.0;29.11;129650.0;39.48;Adm_publica;602.0;582.0;2296.0;1700.0;74.0418118466899;19.544185442503732;7.45406142458282;53638.0;2279.65;31.551764705882352
2307601;Limoeiro do Norte;59560.0;4380.0;0.64;1651936;1423366.0;27735.66151779718;16.058413647649306;1254617.0;329454.0;26.26;150059.0;11.96;524692.0;41.82;250412.0;19.96;Servicos;1977.0;1892.0;11059.0;9011.0;81.48114657744823;33.19341840161182;18.56783075889859;236621.0;2111.93;26.25912773277106
2307635;Madalena;16896.0;-835.0;-0.4;208238;174831.0;12324.692234848484;19.108167315865035;165666.0;21177.0;12.78;5525.0;3.34;50606.0;30.55;88358.0;53.33;Adm_publica;357.0;351.0;1607.0;1264.0;78.65588052271313;21.129261363636363;9.511126893939394;36663.0;2183.44;29.005537974683545
2307650;Maracanaú;234509.0;25411.0;0.96;14004934;12336717.0;59720.24101420415;13.522373902230228;9676491.0;19854.0;0.21;3664406.0;37.87;4907454.0;50.72;1084777.0;11.21;Servicos;7064.0;6650.0;70298.0;62628.0;89.08930552789553;30.122511289545393;29.976674669202463;2118821.0;2651.87;33.83184837452897
2307700;Maranguape;105093.0;-8912.0;-0.68;1793354;1649528.0;17064.447679674195;8.719221498513514;1411529.0;64265.0;4.55;295420.0;20.93;571469.0;40.49;480375.0;34.03;Servicos;2199.0;2039.0;16945.0;14723.0;86.88698731189142;20.92432417002084;16.12381414556631;391355.0;2039.06;26.581199483800855
2307809;Marco;25799.0;1101.0;0.36;410771;390969.0;15921.973719911624;5.0648516890085915;345809.0;25369.0;7.34;43229.0;12.5;145584.0;42.1;131626.0;38.06;Servicos;685.0;641.0;3906.0;3050.0;78.08499743983614;26.551416721578356;15.140121710143802;81227.0;2043.93;26.631803278688526
2307908;Martinópole;10846.0;632.0;0.5;109552;96327.0;10100.682279181265;13.729276319204375;92290.0;7437.0;8.06;3354.0;3.63;27561.0;29.86;53938.0;58.44;Adm_publica;164.0;158.0;984.0;847.0;86.07723577235772;15.120781855061775;9.072469113037064;20884.0;1727.46;24.656434474616294
2308005;Massapê;37697.0;2507.0;0.58;441702;378718.0;11717.165822213969;16.63084405811184;358131.0;27082.0;7.56;54004.0;15.08;115808.0;32.34;161237.0;45.02;Adm_publica;637.0;621.0;3493.0;2909.0;83.28084740910391;16.897896384327666;9.265989336021434;67248.0;1788.05;23.117222413200412
2308104;Mauriti;45561.0;429.0;0.08;640789;517496.0;14064.41913039661;23.82491845347597;490672.0;128284.0;26.14;18641.0;3.8;134582.0;27.43;209165.0;42.63;Adm_publica;803.0;775.0;3876.0;3042.0;78.48297213622291;17.624722898970614;8.507275959702378;83987.0;2119.44;27.60913872452334
2308203;Meruoca;15157.0;1558.0;0.91;143855;129293.0;9490.994260077852;11.262790715661328;124084.0;8694.0;7.01;7854.0;6.33;34959.0;28.17;72577.0;58.49;Adm_publica;306.0;306.0;1457.0;1134.0;77.83115991763898;20.188691693606913;9.612720195289306;30640.0;2172.99;27.019400352733687
2308302;Milagres;25900.0;-1518.0;-0.47;317938;287223.0;12275.598455598456;10.693781486858644;268776.0;34876.0;12.98;32240.0;12.0;86872.0;32.32;114788.0;42.71;Adm_publica;494.0;486.0;2649.0;2140.0;80.78520196300491;19.073359073359075;10.227799227799228;66867.0;2218.25;31.24626168224299
2308351;Milhã;14123.0;1108.0;0.68;226109;195290.0;16009.98371450825;15.781145988017819;187861.0;80564.0;42.88;3688.0;1.96;43137.0;22.96;60472.0;32.19;Agropecuaria;288.0;282.0;1071.0;800.0;74.69654528478058;20.392267931742545;7.58337463711676;26514.0;2448.05;33.1425
2308377;Miraíma;14196.0;1330.0;0.82;127318;112599.0;8968.58269935193;13.072052149663852;108812.0;14084.0;12.94;3268.0;3.0;25252.0;23.21;66207.0;60.85;Adm_publica;152.0;152.0;221.0;87.0;39.366515837104075;10.707241476472246;1.5567765567765568;1253.0;1200.74;14.402298850574713
2308401;Missão Velha;36822.0;2924.0;0.69;586551;515937.0;15929.362880886427;13.686554753778077;495645.0;198476.0;40.04;20554.0;4.15;112924.0;22.78;163691.0;33.03;Agropecuaria;593.0;573.0;3472.0;2873.0;82.74769585253456;16.104502742925426;9.429145619466624;83003.0;2152.27;28.890706578489382
2308500;Mombaça;37735.0;-4640.0;-0.96;531262;446847.0;14078.759772094872;18.89125360582034;420311.0;74484.0;17.72;29987.0;7.13;139510.0;33.19;176331.0;41.95;Adm_publica;800.0;775.0;3440.0;2714.0;78.8953488372093;21.20047701073274;9.116205114615079;71324.0;2014.03;26.280029476787032
2308609;Monsenhor Tabosa;17149.0;396.0;0.19;179307;160699.0;10455.8283281824;11.579412441894474;151854.0;20111.0;13.24;4102.0;2.7;47068.0;31.0;80573.0;53.06;Adm_publica;307.0;291.0;1471.0;1184.0;80.48946295037389;17.901918479211613;8.577759636130386;32620.0;2138.07;27.550675675675677
2308708;Morada Nova;61443.0;-598.0;-0.08;1570710;1276864.0;25563.693179043992;23.013100847075336;1156121.0;205851.0;17.81;312099.0;27.0;376388.0;32.56;261784.0;22.64;Servicos;1321.0;1266.0;11073.0;9805.0;88.54872211686083;21.49960125644907;18.021580977491332;249966.0;2002.44;25.493727689954106
2308807;Moraújo;8254.0;204.0;0.21;80172;75575.0;9713.108795735401;6.082699305325836;72988.0;13677.0;18.74;2159.0;2.96;18413.0;25.23;38739.0;53.08;Adm_publica;111.0;108.0;892.0;672.0;75.33632286995515;13.448025199903077;10.806881511994185;14632.0;1687.18;21.773809523809526
2308906;Morrinhos;22753.0;2030.0;0.78;220951;193204.0;9710.851316309938;14.361503902610712;180541.0;14053.0;7.78;11036.0;6.11;61542.0;34.09;93911.0;52.02;Adm_publica;404.0;395.0;1797.0;1411.0;78.519755147468;17.755900320836812;7.89785962290687;34476.0;1943.63;24.433734939759034
2309003;Mucambo;13666.0;-472.0;-0.28;144254;131292.0;10555.685643202107;9.872650275721293;124087.0;10837.0;8.73;4924.0;3.97;42409.0;34.18;65917.0;53.12;Adm_publica;227.0;221.0;1404.0;1191.0;84.82905982905983;16.610566369091174;10.273671886433485;27082.0;1448.11;22.73887489504618
2309102;Mulungu;10569.0;1035.0;0.86;134732;123801.0;12747.847478474785;8.829492491983101;119560.0;31128.0;26.04;3842.0;3.21;29819.0;24.94;54771.0;45.81;Adm_publica;188.0;187.0;1049.0;883.0;84.17540514775978;17.787870186394173;9.925253098684832;24384.0;1936.44;27.614949037372593
2309201;Nova Olinda;15399.0;1213.0;0.69;179077;163381.0;11629.131761802715;9.606992245120303;154268.0;16968.0;11.0;13135.0;8.51;50242.0;32.57;73924.0;47.92;Adm_publica;329.0;318.0;1822.0;1529.0;83.91877058177826;21.365023702837846;11.831937138775245;37753.0;1921.58;24.691301504251143
2309300;Nova Russas;30699.0;-248.0;-0.07;381139;336930.0;12415.355549040685;13.121123081945804;308038.0;15980.0;5.19;10874.0;3.53;139866.0;45.41;141317.0;45.88;Adm_publica;799.0;764.0;3541.0;2721.0;76.84269980231574;26.0269064138897;11.534577673539854;69113.0;1945.92;25.399852995222346
2309409;Novo Oriente;27545.0;110.0;0.03;302450;283185.0;10980.214194953713;6.802973321327048;269072.0;44097.0;16.39;20264.0;7.53;79829.0;29.67;124882.0;46.41;Adm_publica;535.0;525.0;2238.0;1743.0;77.88203753351206;19.422762751860592;8.124886549282992;48034.0;2151.63;27.55823293172691
2309458;Ocara;24493.0;473.0;0.16;304032;284836.0;12413.015963744743;6.739316659411029;266741.0;48855.0;18.32;32721.0;12.27;74395.0;27.89;110770.0;41.53;Adm_publica;430.0;423.0;1359.0;939.0;69.09492273730685;17.55603641856857;5.54852406810109;43180.0;2217.35;45.98509052183174
2309508;Orós;19675.0;-1714.0;-0.69;234968;218899.0;11942.46505717916;7.34082841858574;207794.0;33614.0;16.18;7586.0;3.65;68849.0;33.13;97746.0;47.04;Adm_publica;391.0;373.0;1606.0;1261.0;78.51805728518057;19.872935196950444;8.162642947903432;37778.0;2231.29;29.95876288659794
2309607;Pacajus;70983.0;9145.0;1.16;1534458;1360535.0;21617.260470816957;12.783427107718653;1215700.0;47299.0;3.89;427831.0;35.19;456707.0;37.57;283862.0;23.35;Servicos;1621.0;1551.0;10338.0;8635.0;83.52679435093829;22.836453798796896;14.564050547314144;252909.0;2167.78;29.288824551244932
2309706;Pacatuba;81524.0;9943.0;1.09;1460733;1235176.0;17917.827878906824;18.261122301599126;1076595.0;27969.0;2.6;323978.0;30.09;420947.0;39.1;303701.0;28.21;Servicos;1335.0;1249.0;8185.0;6855.0;83.75076359193648;16.375545851528383;10.03998822432658;211200.0;2120.53;30.809628008752735
2309805;Pacoti;11186.0;-594.0;-0.43;153002;148366.0;13677.9903450742;3.1247051211193937;142130.0;45198.0;31.8;5037.0;3.54;37160.0;26.14;54736.0;38.51;Adm_publica;240.0;236.0;1245.0;1015.0;81.52610441767068;21.45539066690506;11.129983908457;24425.0;1995.56;24.064039408866996
2309904;Pacujá;6175.0;-78.0;-0.1;68377;59940.0;11073.198380566802;14.075742409075742;57188.0;4262.0;7.45;2640.0;4.62;17818.0;31.16;32469.0;56.77;Adm_publica;140.0;139.0;733.0;619.0;84.4474761255116;22.672064777327936;11.870445344129553;14372.0;1793.03;23.218093699515347
2310001;Palhano;9346.0;480.0;0.44;116455;98773.0;12460.410870960839;17.901653285816973;93323.0;17809.0;19.08;4412.0;4.73;26999.0;28.93;44103.0;47.26;Adm_publica;179.0;176.0;1127.0;925.0;82.07630878438333;19.152578643269848;12.05863471003638;23229.0;2018.14;25.11243243243243
2310100;Palmácia;10242.0;-1752.0;-1.31;120067;115124.0;11723.003319664129;4.293631215037698;111443.0;28075.0;25.19;2963.0;2.66;22983.0;20.62;57422.0;51.53;Adm_publica;156.0;151.0;903.0;780.0;86.37873754152824;15.231400117164617;8.816637375512595;20510.0;2080.41;26.294871794871796
2310209;Paracuru;38980.0;6670.0;1.58;595518;555931.0;15277.526936890714;7.1208477311033205;517680.0;49258.0;9.52;95384.0;18.43;203579.0;39.33;169458.0;32.73;Servicos;938.0;905.0;4480.0;3527.0;78.72767857142857;24.06362237044638;11.493073370959467;100560.0;2308.43;28.51148284661185
2310258;Paraipaba;32216.0;2367.0;0.64;643388;535129.0;19971.070275639435;20.230449106664;494438.0;126270.0;25.54;81922.0;16.57;142824.0;28.89;143423.0;29.01;Adm_publica;810.0;788.0;4828.0;3964.0;82.10439105219552;25.142786193195928;14.986342190216043;108835.0;2149.41;27.4558526740666
2310308;Parambu;31445.0;-46.0;-0.01;309635;288689.0;9846.875496899349;7.255558750073608;272534.0;47932.0;17.59;8133.0;2.98;87813.0;32.22;128656.0;47.21;Adm_publica;548.0;537.0;2681.0;2151.0;80.23125699365909;17.427253935442838;8.525997773890921;36661.0;1318.49;17.04370060437006
2310407;Paramoti;10384.0;-1379.0;-1.03;121524;110908.0;11703.004622496148;9.571897428499296;106618.0;18704.0;17.54;3869.0;3.63;27935.0;26.2;56110.0;52.63;Adm_publica;199.0;197.0;889.0;721.0;81.10236220472441;19.164098613251156;8.56124807395994;19165.0;2047.52;26.58113730929265
2310506;Pedra Branca;40187.0;-1746.0;-0.35;411066;389914.0;10228.83021872745;5.424785978446529;369751.0;40783.0;11.03;9630.0;2.6;123938.0;33.52;195399.0;52.85;Adm_publica;737.0;714.0;4355.0;3634.0;83.4443168771527;18.339263941075473;10.83683778336278;76241.0;1640.47;20.979911942762797
2310605;Penaforte;8972.0;673.0;0.65;142781;122162.0;15914.065983058405;16.878407360717734;111522.0;13898.0;12.46;5295.0;4.75;43357.0;38.88;48972.0;43.91;Adm_publica;200.0;196.0;983.0;802.0;81.58697863682605;22.29157378510923;10.956308515381185;21999.0;1926.09;27.430174563591024
2310704;Pentecoste;37813.0;2162.0;0.49;537433;484760.0;14212.916192843732;10.865789256539319;451969.0;59071.0;13.07;73375.0;16.23;139880.0;30.95;179643.0;39.75;Adm_publica;728.0;712.0;5144.0;4430.0;86.11975116640747;19.252637981646522;13.603787057361224;116818.0;1940.47;26.369751693002257
2310803;Pereiro;15274.0;-483.0;-0.26;530452;560571.0;34729.082100301166;-5.3729144033494425;482151.0;34847.0;7.23;13827.0;2.87;358702.0;74.4;74775.0;15.51;Servicos;255.0;247.0;4748.0;4503.0;94.83993260320135;16.69503731831871;31.085504779363625;110436.0;1892.74;24.524983344437043
2310852;Pindoretama;23391.0;5057.0;2.05;320047;274852.0;13682.484716343894;16.443394990758662;253603.0;26560.0;10.47;15563.0;6.14;103708.0;40.89;107772.0;42.5;Adm_publica;555.0;540.0;3074.0;2476.0;80.54651919323356;23.727074515839423;13.141806677782053;57854.0;1900.21;23.365912762520193
2310902;Piquet Carneiro;16616.0;1147.0;0.6;181463;162092.0;10920.979778526722;11.950620635194827;153954.0;28524.0;18.53;4316.0;2.8;44220.0;28.72;76893.0;49.95;Adm_publica;275.0;271.0;1269.0;1014.0;79.90543735224587;16.550312951372174;7.637217140105921;27317.0;2113.32;26.939842209072978
2310951;Pires Ferreira;10606.0;343.0;0.27;91198;84230.0;8598.717706958325;8.272586964264514;81060.0;17675.0;21.8;2794.0;3.45;17209.0;21.23;43382.0;53.52;Adm_publica;138.0;138.0;906.0;797.0;87.96909492273731;13.011502922873845;8.542334527625872;15104.0;1490.19;18.951066499372647
2311009;Poranga;12065.0;73.0;0.05;128390;109402.0;10641.52507252383;17.356172647666405;104209.0;10439.0;10.02;3790.0;3.64;32583.0;31.27;57397.0;55.08;Adm_publica;163.0;160.0;871.0;725.0;83.23765786452354;13.510153336096145;7.219229175300455;24980.0;2378.2;34.4551724137931
2311108;Porteiras;17050.0;2002.0;1.05;207091;186375.0;12146.099706744868;11.115224681421864;177883.0;50607.0;28.45;8198.0;4.61;44200.0;24.85;74879.0;42.09;Adm_publica;249.0;246.0;1489.0;1263.0;84.82202820685023;14.604105571847509;8.733137829912023;32415.0;2131.59;25.665083135391924
2311207;Potengi;8833.0;-1440.0;-1.25;115651;110570.0;13093.060115476055;4.595279008772723;106176.0;20472.0;19.28;4819.0;4.54;31212.0;29.4;49672.0;46.78;Adm_publica;179.0;177.0;902.0;755.0;83.70288248337029;20.264915657194614;10.211706102117061;20685.0;2130.08;27.397350993377483
2311231;Potiretama;5974.0;-152.0;-0.21;92924;96816.0;15554.737194509542;-4.019996694761197;93089.0;29676.0;31.88;4355.0;4.68;21161.0;22.73;37897.0;40.71;Adm_publica;144.0;141.0;725.0;603.0;83.17241379310344;24.104452628054904;12.135922330097088;17189.0;1796.37;28.50580431177446
2311264;Quiterianópolis;20213.0;292.0;0.12;211391;184720.0;10458.170484341761;14.438609787786922;174972.0;27760.0;15.87;5411.0;3.09;51976.0;29.71;89826.0;51.34;Adm_publica;348.0;343.0;1533.0;1214.0;79.19112850619699;17.21664275466284;7.584227972097166;28782.0;1821.19;23.70840197693575
2311306;Quixadá;84168.0;3560.0;0.36;1283066;1109869.0;15244.107024047144;15.605175025160628;1022198.0;104794.0;10.25;66048.0;6.46;489828.0;47.92;361528.0;35.37;Servicos;1848.0;1740.0;11265.0;9388.0;83.33777185974257;21.956087824351297;13.383946392928427;248074.0;2184.36;26.42458457605454
2311355;Quixelô;15910.0;-229.0;-0.12;214522;198820.0;13483.469516027655;7.89759581531033;189415.0;67571.0;35.67;4256.0;2.25;45199.0;23.86;72389.0;38.22;Adm_publica;289.0;277.0;1226.0;968.0;78.95595432300163;18.164676304211188;7.705845380263984;29748.0;2085.18;30.731404958677686
2311405;Quixeramobim;82177.0;9017.0;0.97;1725840;1402461.0;21001.49676916899;23.057967387328418;1280342.0;149436.0;11.67;290142.0;22.66;520662.0;40.67;320101.0;25.0;Servicos;1593.0;1528.0;14156.0;12527.0;88.4925120090421;19.38498606666099;17.226231183907906;316526.0;1973.75;25.267502195258242
2311504;Quixeré;20874.0;473.0;0.19;682150;637015.0;32679.409792085848;7.085390453913957;582117.0;108210.0;18.59;235182.0;40.4;133180.0;22.88;105545.0;18.13;Industria;507.0;486.0;4174.0;3686.0;88.30857690464782;24.28858867490658;19.996167481076938;120084.0;2580.79;32.57840477482366
2311603;Redenção;27214.0;-408.0;-0.12;450867;409867.0;16567.465275225986;10.003244955070793;385964.0;95815.0;24.82;30414.0;7.88;127843.0;33.12;131891.0;34.17;Adm_publica;489.0;458.0;3733.0;3318.0;88.88293597642647;17.968692584699053;13.71720438009848;163331.0;3866.41;49.22573839662447
2311702;Reriutaba;18606.0;-497.0;-0.22;213295;190710.0;11463.775126303342;11.842588222956321;179055.0;22122.0;12.36;14054.0;7.85;62340.0;34.82;80539.0;44.98;Adm_publica;482.0;476.0;2038.0;1545.0;75.80961727183512;25.905621842416426;10.953455874449103;37516.0;1872.6;24.28220064724919
2311801;Russas;72928.0;2520.0;0.29;1332638;1158523.0;18273.338086880212;15.029049919595899;1037312.0;120601.0;11.63;152377.0;14.69;432063.0;41.65;332272.0;32.03;Servicos;2016.0;1939.0;13778.0;11726.0;85.10669182755117;27.643703378674857;18.89260640631856;281354.0;1873.45;23.994030359884018
2311900;Saboeiro;13854.0;-1938.0;-1.09;164970;169856.0;11907.752273711563;-2.87655425772419;164427.0;53256.0;32.39;4014.0;2.44;34207.0;20.8;72951.0;44.37;Adm_publica;237.0;236.0;985.0;774.0;78.57868020304568;17.106972715461236;7.109859968240219;29695.0;1920.81;38.3656330749354
2311959;Salitre;16633.0;1146.0;0.6;187867;159284.0;11294.83556784705;17.94467743150599;153822.0;25194.0;16.38;3856.0;2.51;37686.0;24.5;87086.0;56.61;Adm_publica;260.0;254.0;1942.0;1736.0;89.3923789907312;15.631575783081827;11.675584681055733;34344.0;1587.26;19.783410138248847
2312007;Santana do Acaraú;30628.0;656.0;0.18;313120;280072.0;10223.325062034739;11.799822902682168;268439.0;49538.0;18.45;10897.0;4.06;72123.0;26.87;135882.0;50.62;Adm_publica;530.0;526.0;2298.0;1723.0;74.97824194952132;17.30442732140525;7.502938487658352;45344.0;1973.84;26.316889146836914
2312106;Santana do Cariri;16954.0;-274.0;-0.13;164591;159277.0;9708.092485549132;3.336326023217414;153778.0;28383.0;18.46;5157.0;3.35;36529.0;23.75;83710.0;54.44;Adm_publica;205.0;198.0;1338.0;1166.0;87.14499252615845;12.091541819039755;7.891942904329362;32322.0;2208.87;27.72041166380789
2312205;Santa Quitéria;40183.0;-2580.0;-0.52;715965;633710.0;17817.60943682652;12.979911947105144;590757.0;97193.0;16.45;108317.0;18.34;188009.0;31.83;197237.0;33.39;Adm_publica;1195.0;1156.0;6340.0;5205.0;82.09779179810725;29.73894432969166;15.777816489560262;123644.0;1918.52;23.75485110470701
2312304;São Benedito;47640.0;2765.0;0.5;710000;627180.0;14903.442485306465;13.205140470040499;587754.0;154035.0;26.21;31074.0;5.29;206784.0;35.18;195862.0;33.32;Servicos;1152.0;1111.0;5393.0;4228.0;78.39792323382161;24.181360201511335;11.32031905961377;112348.0;2001.6;26.57237464522233
2312403;São Gonçalo do Amarante;54143.0;10750.0;1.86;6894155;8624987.0;127332.3421310234;-20.06764763819354;7052934.0;47518.0;0.67;5238850.0;74.28;1454218.0;20.62;312348.0;4.43;Industria;1524.0;1468.0;16076.0;14530.0;90.3831798954964;28.147682987643833;29.69174223814713;775087.0;4161.44;53.343909153475565
2312502;São João do Jaguaribe;5855.0;-2045.0;-2.47;114371;107898.0;19533.90264730999;5.999184414910378;104071.0;46655.0;44.83;2531.0;2.43;19676.0;18.91;35208.0;33.83;Agropecuaria;119.0;115.0;642.0;542.0;84.42367601246106;20.32450896669513;10.964987190435526;13567.0;1923.68;25.031365313653136
2312601;São Luís do Curu;10822.0;-1525.0;-1.09;147888;133109.0;13665.49621142118;11.102930680870566;123544.0;15048.0;12.18;14153.0;11.46;36820.0;29.8;57523.0;46.56;Adm_publica;199.0;194.0;908.0;725.0;79.84581497797357;18.388467935686567;8.390316022916283;22822.0;2209.79;31.478620689655173
2312700;Senador Pompeu;24266.0;-1084.0;-0.36;432508;352272.0;17823.62152806396;22.776717990643593;325326.0;45086.0;13.86;54320.0;16.7;119903.0;36.86;106017.0;32.59;Servicos;599.0;582.0;4181.0;3581.0;85.64936618033964;24.684744086376;17.22986895244375;82277.0;1730.28;22.975984361910083
2312809;Senador Sá;7262.0;410.0;0.49;71512;62766.0;9847.42495180391;13.93429563776567;60524.0;7651.0;12.64;1876.0;3.1;16709.0;27.61;34287.0;56.65;Adm_publica;142.0;139.0;628.0;511.0;81.36942675159236;19.55384191682732;8.647755439272927;14660.0;1828.75;28.68884540117417
2312908;Sobral;203023.0;14346.0;0.61;6016970;5395130.0;29636.888431359992;11.525950255137504;4841696.0;51617.0;1.07;1228331.0;25.37;2596111.0;53.62;965637.0;19.94;Servicos;5996.0;5659.0;58392.0;51719.0;88.57206466639266;29.53359964141994;28.761273353265395;1533122.0;2364.37;29.64330323478799
2313005;Solonópole;18179.0;514.0;0.24;318203;303284.0;17503.87810110567;4.9191516862083065;285045.0;63627.0;22.32;57521.0;20.18;77541.0;27.2;86356.0;30.3;Adm_publica;398.0;383.0;2625.0;2240.0;85.33333333333334;21.893393475988777;14.43973815941471;43191.0;1522.12;19.28169642857143
2313104;Tabuleiro do Norte;30652.0;443.0;0.12;563950;450593.0;18398.47318282657;25.157292723144835;412162.0;54072.0;13.12;54133.0;13.13;176995.0;42.94;126963.0;30.8;Servicos;850.0;836.0;3333.0;2452.0;73.56735673567357;27.730653790943496;10.873678715907607;67736.0;1976.77;27.624796084828713
2313203;Tamboril;24815.0;-1159.0;-0.38;316962;282247.0;12773.000201491033;12.299510712248491;271489.0;70097.0;25.82;8718.0;3.21;75382.0;27.77;117292.0;43.2;Adm_publica;426.0;414.0;1658.0;1267.0;76.41737032569361;17.167036066895026;6.681442675800926;47372.0;2593.89;37.38910812943962
2313252;Tarrafas;7529.0;-1068.0;-1.1;88539;85682.0;11759.729047682295;3.3344226325249178;82896.0;19124.0;23.07;3296.0;3.98;18272.0;22.04;42203.0;50.91;Adm_publica;131.0;126.0;703.0;600.0;85.34850640113798;17.39938902908753;9.337229379731705;16208.0;2100.42;27.013333333333332
2313302;Tauá;61227.0;5378.0;0.77;802395;711836.0;13105.24768484492;12.721890997364563;657114.0;99459.0;15.14;39185.0;5.96;294449.0;44.81;224021.0;34.09;Servicos;1414.0;1356.0;6999.0;5557.0;79.39705672238891;23.09438646348833;11.4312313195159;143392.0;1996.05;25.803850998740327
2313351;Tejuçuoca;17154.0;18.0;0.01;153337;136988.0;8938.848082079981;11.934622010687066;131361.0;12026.0;9.15;4304.0;3.28;32854.0;25.01;82178.0;62.56;Adm_publica;228.0;228.0;1716.0;1512.0;88.11188811188812;13.29136061559986;10.00349772647779;38127.0;2006.04;25.216269841269842
2313401;Tianguá;81506.0;12423.0;1.39;1913964;1732690.0;23482.49208647216;10.461998395558352;1526446.0;344455.0;22.57;177027.0;11.6;678008.0;44.42;326956.0;21.42;Servicos;2590.0;2464.0;12042.0;9224.0;76.59857166583623;31.77680170784973;14.77437243883886;250783.0;2117.08;27.18809627059844
2313500;Trairi;58415.0;6993.0;1.07;947833;1115144.0;16225.849524950783;-15.003533175984446;1039052.0;72027.0;6.93;491503.0;47.3;224615.0;21.62;250907.0;24.15;Industria;1256.0;1211.0;5254.0;3847.0;73.22040350209365;21.50132671402893;8.99426517161688;120459.0;2349.91;31.31245126072264
2313559;Tururu;15412.0;917.0;0.51;154602;138079.0;10031.274331689592;11.966338110791648;133136.0;17268.0;12.97;5184.0;3.89;33971.0;25.52;76714.0;57.62;Adm_publica;176.0;175.0;1499.0;1350.0;90.06004002668445;11.419672982091877;9.726187386452114;33601.0;2005.1;24.88962962962963
2313609;Ubajara;32767.0;980.0;0.25;714256;642046.0;21798.02850428785;11.246857701784608;599428.0;169107.0;28.21;116158.0;19.38;162615.0;27.13;151549.0;25.28;Agropecuaria;773.0;742.0;3906.0;3095.0;79.23707117255503;23.590807824945827;11.920529801324504;92978.0;2357.92;30.04135702746365
2313708;Umari;6871.0;-674.0;-0.78;75948;69441.0;11053.412894775141;9.370544779021039;67276.0;15164.0;22.54;2032.0;3.02;14875.0;22.11;35204.0;52.33;Adm_publica;102.0;100.0;571.0;491.0;85.98949211908932;14.845000727696114;8.310289623053412;15597.0;1858.58;31.765784114052952
2313757;Umirim;17470.0;-1271.0;-0.58;194961;172797.0;11159.759587864912;12.826611573117589;160898.0;33360.0;20.73;7327.0;4.55;38466.0;23.91;81745.0;50.81;Adm_publica;203.0;199.0;1395.0;1230.0;88.17204301075269;11.619919862621638;7.985117344018317;36330.0;2119.53;29.536585365853657
2313807;Uruburetama;20189.0;486.0;0.2;460850;299474.0;22826.786864133934;53.88648096328896;284098.0;56494.0;19.89;55522.0;19.54;71909.0;25.31;100173.0;35.26;Adm_publica;298.0;292.0;2933.0;2643.0;90.11251278554381;14.760513150725643;14.527713111100105;68662.0;1733.05;25.97881195611048
2313906;Uruoca;13746.0;863.0;0.54;238457;298207.0;17347.3737814637;-20.03641765619184;284711.0;25219.0;8.86;124894.0;43.87;69188.0;24.3;65409.0;22.97;Industria;216.0;215.0;1728.0;1530.0;88.54166666666666;15.713662156263641;12.570929725010913;45556.0;2252.89;29.77516339869281
2313955;Varjota;18105.0;512.0;0.24;404964;375819.0;22367.522783761393;7.755062942533507;357890.0;153292.0;42.83;18081.0;5.05;97380.0;27.21;89137.0;24.91;Agropecuaria;550.0;539.0;2952.0;2397.0;81.19918699186992;30.378348522507597;16.30488815244408;50260.0;1670.14;20.96787651230705
2314003;Várzea Alegre;38984.0;708.0;0.15;502914;468101.0;12900.523291606813;7.437070204934406;433583.0;64327.0;14.84;31745.0;7.32;168249.0;38.8;169262.0;39.04;Adm_publica;842.0;811.0;4049.0;3219.0;79.5011113855273;21.598604555715166;10.38631233326493;83788.0;1990.99;26.02920161540851
2314102;Viçosa do Ceará;59712.0;4757.0;0.69;642465;603321.0;10759.395096463022;6.488088430536979;553430.0;127798.0;23.09;34449.0;6.22;145587.0;26.31;245596.0;44.38;Adm_publica;1049.0;1010.0;4257.0;3182.0;74.74747474747475;17.567658092175776;7.129220257234727;85583.0;2092.28;26.89597737272156
